{
  "project_info": {
    "project_number": "838669226473",
    "project_id": "e-wallet-80128",
    "storage_bucket": "e-wallet-80128.appspot.com"
  },
  "client": [
    {
      "client_info": {
        "mobilesdk_app_id": "1:838669226473:android:f9f997bd07932a30807b78",
        "android_client_info": {
          "package_name": "com.vyonne.e_wallet"
        }
      },
      "oauth_client": [
        {
          "client_id": "838669226473-athc3ej5emt22dkmdugkh07uj30u3ob0.apps.googleusercontent.com",
          "client_type": 3
        }
      ],
      "api_key": [
        {
          "current_key": "AIzaSyD1Aj8MThW4EoEC13yxYEJ53aJNyg5OGvQ"
        }
      ],
      "services": {
        "appinvite_service": {
          "other_platform_oauth_client": [
            {
              "client_id": "838669226473-athc3ej5emt22dkmdugkh07uj30u3ob0.apps.googleusercontent.com",
              "client_type": 3
            }
          ]
        }
      }
    }
  ],
  "configuration_version": "1"
}